排名,电影名称,导演,上映年份,制作国家,类型,评分,评价人数,短评
1,肖申克的救赎,导演: 弗兰克·德拉邦特 Frank Darabont,1994,美国,犯罪 剧情,9.7,2334954,希望让人自由。
2,霸王别姬,导演: 陈凯歌 Kaige Chen,1993,中国大陆 中国香港,剧情 爱情 同性,9.6,1736254,风华绝代。
3,阿甘正传,导演: 罗伯特·泽米吉斯 Robert Zemeckis,1994,美国,剧情 爱情,9.5,1757516,一部美国近现代史。
4,这个杀手不太冷,导演: 吕克·贝松 Luc Besson,1994,法国 美国,剧情 动作 犯罪,9.4,1934445,怪蜀黍和小萝莉不得不说的故事。
5,泰坦尼克号,导演: 詹姆斯·卡梅隆 James Cameron,1997,美国 墨西哥 澳大利亚 加拿大,剧情 爱情 灾难,9.4,1719509,失去的才是永恒的。 
6,美丽人生,导演: 罗伯托·贝尼尼 Roberto Benigni,1997,意大利,剧情 喜剧 爱情 战争,9.5,1082577,最美的谎言。
7,千与千寻,导演: 宫崎骏 Hayao Miyazaki,2001,日本,剧情 动画 奇幻,9.4,1835513,最好的宫崎骏，最好的久石让。 
8,辛德勒的名单,导演: 史蒂文·斯皮尔伯格 Steven Spielberg,1993,美国,剧情 历史 战争,9.5,897507,拯救一个人，就是拯救整个世界。
9,盗梦空间,导演: 克里斯托弗·诺兰 Christopher Nolan,2010,美国 英国,剧情 科幻 悬疑 冒险,9.3,1699061,诺兰给了我们一场无法盗取的梦。
10,忠犬八公的故事,导演: 莱塞·霍尔斯道姆 Lasse Hallström,2009,美国 英国,剧情,9.4,1166761,永远都不能忘记你所爱的人。
11,星际穿越,导演: 克里斯托弗·诺兰 Christopher Nolan,2014,美国 英国 加拿大,剧情 科幻 冒险,9.3,1372017,爱是一种力量，让我们超越时空感知它的存在。
12,楚门的世界,导演: 彼得·威尔 Peter Weir,1998,美国,剧情 科幻,9.3,1286588,如果再也不能见到你，祝你早安，午安，晚安。
13,海上钢琴师,导演: 朱塞佩·托纳多雷 Giuseppe Tornatore,1998,意大利,剧情 音乐,9.3,1380510,每个人都要走一条自己坚定了的路，就算是粉身碎骨。 
14,三傻大闹宝莱坞,导演: 拉库马·希拉尼 Rajkumar Hirani,2009,印度,剧情 喜剧 爱情 歌舞,9.2,1551259,英俊版憨豆，高情商版谢耳朵。
15,机器人总动员,导演: 安德鲁·斯坦顿 Andrew Stanton,2008,美国,科幻 动画 冒险,9.3,1091825,小瓦力，大人生。
16,放牛班的春天,导演: 克里斯托夫·巴拉蒂 Christophe Barratier,2004,法国 瑞士 德国,剧情 喜剧 音乐,9.3,1075126,天籁一般的童声，是最接近上帝的存在。 
17,大话西游之大圣娶亲,导演: 刘镇伟 Jeffrey Lau,1995,中国香港 中国大陆,喜剧 爱情 奇幻 古装,9.2,1254447,一生所爱。
18,疯狂动物城,导演: 拜伦·霍华德 Byron Howard / 瑞奇·摩尔 Rich Moore,2016,美国,喜剧 动画 冒险,9.2,1515898,迪士尼给我们营造的乌托邦就是这样，永远善良勇敢，永远出乎意料。
19,无间道,导演: 刘伟强 / 麦兆辉,2002,中国香港,剧情 犯罪 惊悚,9.2,1041977,香港电影史上永不过时的杰作。
20,熔炉,导演: 黄东赫 Dong-hyuk Hwang,2011,韩国,剧情,9.3,761994,我们一路奋战不是为了改变世界，而是为了不让世界改变我们。
21,教父,导演: 弗朗西斯·福特·科波拉 Francis Ford Coppola,1972,美国,剧情 犯罪,9.3,762755,千万不要记恨你的对手，这样会让你失去理智。
22,当幸福来敲门,导演: 加布里尔·穆奇诺 Gabriele Muccino,2006,美国,剧情 传记 家庭,9.1,1246463,平民励志片。 
23,龙猫,导演: 宫崎骏 Hayao Miyazaki,1988,日本,动画 奇幻 冒险,9.2,1039556,人人心中都有个龙猫，童年就永远不会消失。
24,怦然心动,导演: 罗伯·莱纳 Rob Reiner,2010,美国,剧情 喜剧 爱情,9.1,1472071,真正的幸福是来自内心深处。
25,控方证人,导演: 比利·怀尔德 Billy Wilder,1957,美国,剧情 犯罪 悬疑,9.6,363036,比利·怀德满分作品。
26,触不可及,导演: 奥利维·那卡什 Olivier Nakache / 艾力克·托兰达 Eric Toledano,2011,法国,剧情 喜剧,9.3,814839,满满温情的高雅喜剧。
27,蝙蝠侠：黑暗骑士,导演: 克里斯托弗·诺兰 Christopher Nolan,2008,美国 英国,剧情 动作 科幻 犯罪 惊悚,9.2,851049,无尽的黑暗。
28,末代皇帝,导演: 贝纳尔多·贝托鲁奇 Bernardo Bertolucci,1987,英国 意大利 中国大陆 法国,剧情 传记 历史,9.3,652622,“不要跟我比惨，我比你更惨”再适合这部电影不过了。
29,寻梦环游记,导演: 李·昂克里奇 Lee Unkrich / 阿德里安·莫利纳 Adrian Molina,2017,美国,喜剧 动画 奇幻 音乐,9.1,1289888,死亡不是真的逝去，遗忘才是永恒的消亡。
30,活着,导演: 张艺谋 Yimou Zhang,1994,中国大陆 中国香港,剧情 历史 家庭,9.3,660470,张艺谋最好的电影。
31,何以为家,导演: 娜丁·拉巴基 Nadine Labaki,2018,黎巴嫩 美国 法国 塞浦路斯 卡塔尔 英国,剧情,9.1,817288,凝视卑弱生命，用电影改变命运。
32,乱世佳人,导演: 维克多·弗莱明 Victor Fleming / 乔治·库克 George Cukor,1939,美国,剧情 历史 爱情 战争,9.3,560995,Tomorrow is another day.
33,哈利·波特与魔法石,导演: Chris Columbus,2001,美国 英国,奇幻 冒险,9.1,867292,童话世界的开端。
34,指环王3：王者无敌,导演: 彼得·杰克逊 Peter Jackson,2003,美国 新西兰,剧情 动作 奇幻 冒险,9.2,618999,史诗的终章。
35,飞屋环游记,导演: 彼特·道格特 Pete Docter / 鲍勃·彼德森 Bob Peterson,2009,美国,剧情 喜剧 动画 冒险,9.0,1086694,最后那些最无聊的事情，才是最值得怀念的。 
36,摔跤吧！爸爸,导演: 涅提·蒂瓦里 Nitesh Tiwari,2016,印度,剧情 传记 运动 家庭,9.0,1283932,你不是在为你一个人战斗，你要让千千万万的女性看到女生并不是只能相夫教子。
37,素媛,导演: 李濬益 Jun-ik Lee,2013,韩国,剧情,9.3,536632,受过伤害的人总是笑得最开心，因为他们不愿意让身边的人承受一样的痛苦。
38,少年派的奇幻漂流,导演: 李安 Ang Lee,2012,美国 中国台湾 英国 加拿大,剧情 奇幻 冒险,9.1,1137567,瑰丽壮观、无人能及的冒险之旅。
39,十二怒汉,导演: Sidney Lumet,1957,美国,剧情,9.4,376062,1957年的理想主义。 
40,哈尔的移动城堡,导演: 宫崎骏 Hayao Miyazaki,2004,日本,动画 奇幻 冒险,9.1,808312,带着心爱的人在天空飞翔。
41,鬼子来了,导演: 姜文 Wen Jiang,2000,中国大陆,剧情 喜剧,9.3,501743,对敌人的仁慈，就是对自己残忍。
42,我不是药神,导演: 文牧野 Muye Wen,2018,中国大陆,剧情 喜剧,9.0,1707553,对我们国家而言，这样的电影多一部是一部。
43,大话西游之月光宝盒,导演: 刘镇伟 Jeffrey Lau,1995,中国香港 中国大陆,喜剧 爱情 奇幻 古装,9.0,998581,旷古烁今。
44,天空之城,导演: 宫崎骏 Hayao Miyazaki,1986,日本,动画 奇幻 冒险,9.1,682146,对天空的追逐，永不停止。 
45,罗马假日,导演: 威廉·惠勒 William Wyler,1953,美国,喜剧 剧情 爱情,9.0,791375,爱情哪怕只有一天。
46,闻香识女人,导演: 马丁·布莱斯 Martin Brest,1992,美国,剧情,9.1,693674,史上最美的探戈。
47,辩护人,导演: 杨宇硕 Woo-seok Yang,2013,韩国,剧情,9.2,494948,电影的现实意义大过电影本身。
48,天堂电影院,导演: 朱塞佩·托纳多雷 Giuseppe Tornatore,1988,意大利 法国,剧情 爱情,9.2,519297,那些吻戏，那些青春，都在影院的黑暗里被泪水冲刷得无比清晰。
49,猫鼠游戏,导演: 史蒂文·斯皮尔伯格 Steven Spielberg,2002,美国 加拿大,传记 犯罪 剧情,9.0,718929,骗子大师和执著警探的你追我跑故事。 
50,大闹天宫,导演: 万籁鸣 Laiming Wan / 唐澄 Cheng  Tang,1961(中国大陆) , 1964(中国大陆) , 1978(中国大陆) ,9.4,334499,经典之作，历久弥新。
51,钢琴家,导演: 罗曼·波兰斯基 Roman Polanski,2002,英国 法国 波兰 德国 美国,剧情 传记 战争 音乐,9.2,448869,音乐能化解仇恨。
52,指环王2：双塔奇兵,导演: 彼得·杰克逊 Peter Jackson,2002,美国 新西兰,剧情 动作 奇幻 冒险,9.1,566879,承前启后的史诗篇章。
53,教父2,导演: 弗朗西斯·福特·科波拉 Francis Ford Coppola,1974,美国,剧情 犯罪,9.2,427979,优雅的孤独。
54,狮子王,导演: Roger Allers / 罗伯·明可夫 Rob Minkoff,1994,美国,动画 冒险 歌舞,9.1,670330,动物版《哈姆雷特》。
55,搏击俱乐部,导演: 大卫·芬奇 David Fincher,1999,美国 德国 意大利,剧情 动作 悬疑 惊悚,9.0,697347,邪恶与平庸蛰伏于同一个母体，在特定的时间互相对峙。
56,死亡诗社,导演: 彼得·威尔 Peter Weir,1989,美国,剧情,9.1,564509,当一个死水般的体制内出现一个活跃的变数时，所有的腐臭都站在了光明的对面。
57,黑客帝国,导演: 安迪·沃卓斯基 Andy Wachowski / 拉娜·沃卓斯基 Lana Wachowski,1999,美国 澳大利亚,动作 科幻,9.0,650436,视觉革命。
58,指环王1：护戒使者,导演: 彼得·杰克逊 Peter Jackson,2001,新西兰 美国,剧情 动作 奇幻 冒险,9.0,659906,传说的开始。
59,让子弹飞,导演: 姜文 Wen Jiang,2010,中国大陆 中国香港,剧情 喜剧 动作 西部,8.9,1315115,你给我翻译翻译，神马叫做TMD的惊喜。
60,绿皮书,导演: 彼得·法雷里 Peter Farrelly,2018,美国 中国大陆,剧情 喜剧 传记,8.9,1264264,去除成见，需要勇气。
61,饮食男女,导演: 李安 Ang Lee,1994,中国台湾 美国,剧情 家庭,9.1,477591,人生不能像做菜，把所有的料都准备好了才下锅。
62,美丽心灵,导演: 朗·霍华德 Ron Howard,2001,美国,传记 剧情,9.0,616902,爱是一切逻辑和原由。
63,窃听风暴,导演: 弗洛里安·亨克尔·冯·多纳斯马尔克 Florian Henckel von Donnersmarck  &n...,2006,德国,剧情 悬疑,9.2,456950,别样人生。
64,海蒂和爷爷,导演: 阿兰·葛斯彭纳 Alain Gsponer,2015,德国 瑞士,剧情 冒险 家庭,9.2,367752,如果生活中有什么使你感到快乐，那就去做吧！不要管别人说什么。
65,两杆大烟枪,导演: Guy Ritchie,1998,英国,剧情 喜剧 犯罪,9.1,492022,4个臭皮匠顶个诸葛亮，盖·里奇果然不是盖的。
66,本杰明·巴顿奇事,导演: 大卫·芬奇 David Fincher,2008,美国,剧情 爱情 奇幻,8.9,800187,在时间之河里感受溺水之苦。
67,看不见的客人,导演: 奥里奥尔·保罗 Oriol Paulo,2016,西班牙,剧情 犯罪 悬疑 惊悚,8.8,979839,你以为你以为的就是你以为的。
68,飞越疯人院,导演: 米洛斯·福尔曼 Miloš Forman,1975,美国,剧情,9.1,469636,自由万岁。
69,西西里的美丽传说,导演: 朱塞佩·托纳多雷 Giuseppe Tornatore,2000,意大利 美国,剧情 战争 情色,8.9,791684,美丽无罪。
70,穿条纹睡衣的男孩,导演: 马克·赫尔曼 Mark Herman,2008,英国 美国,剧情 战争,9.1,418481,尽管有些不切实际的幻想，这部电影依旧是一部感人肺腑的佳作。
71,拯救大兵瑞恩,导演: 史蒂文·斯皮尔伯格 Steven Spielberg,1998,美国,剧情 战争,9.0,524666,美利坚精神输出大片No1.
72,小鞋子,导演: 马基德·马基迪 Majid Majidi,1997,伊朗,剧情 儿童 家庭,9.2,329113,奔跑的孩子是天使。
73,音乐之声,导演: 罗伯特·怀斯 Robert Wise,1965,美国,剧情 传记 爱情 歌舞,9.1,485820,用音乐化解仇恨，让歌声串起美好。
74,情书,导演: 岩井俊二 Shunji Iwai,1995,日本,剧情 爱情,8.9,731889,暗恋的极致。
75,海豚湾,导演: 路易·西霍尤斯 Louie Psihoyos,2009,美国,纪录片,9.3,308463,海豚的微笑，是世界上最高明的伪装。
76,阿凡达,导演: 詹姆斯·卡梅隆 James Cameron,2009,美国,动作 科幻 冒险,8.8,1147616,绝对意义上的美轮美奂。
77,致命魔术,导演: 克里斯托弗·诺兰 Christopher Nolan,2006,英国 美国,剧情 悬疑 惊悚,8.9,698451,孪生蝙蝠侠大战克隆金刚狼。
78,美国往事,导演: 赛尔乔·莱翁内 Sergio Leone,1984,美国 意大利,犯罪 剧情,9.2,336547,往事如烟，无处祭奠。
79,沉默的羔羊,导演: 乔纳森·戴米 Jonathan Demme,1991,美国,剧情 犯罪 惊悚,8.9,692716,安东尼·霍普金斯的顶级表演。
80,禁闭岛,导演: Martin Scorsese,2010,美国,剧情 悬疑 惊悚,8.8,769060,昔日翩翩少年，今日大腹便便。
81,低俗小说,导演: 昆汀·塔伦蒂诺 Quentin Tarantino,1994,美国,剧情 喜剧 犯罪,8.9,673763,故事的高级讲法。
82,蝴蝶效应,导演: 埃里克·布雷斯 Eric Bress / J·麦基·格鲁伯 J. Mackye Gruber,2004,美国 加拿大,剧情 悬疑 科幻 惊悚,8.8,756604,人的命运被自己瞬间的抉择改变。
83,心灵捕手,导演: 格斯·范·桑特 Gus Van Sant,1997,美国,剧情,8.9,569895,人生中应该拥有这样的一段豁然开朗。
84,布达佩斯大饭店,导演: 韦斯·安德森 Wes Anderson,2014,美国 德国 英国,剧情 喜剧 冒险,8.9,721125,小清新的故事里注入了大历史的情怀。
85,七宗罪,导演: 大卫·芬奇 David Fincher,1995,美国,剧情 犯罪 悬疑 惊悚,8.8,785559,警察抓小偷，老鼠玩死猫。
86,春光乍泄,导演: 王家卫 Kar Wai Wong,1997,中国香港 日本 韩国,剧情 爱情 同性,8.9,508573,爱情纠缠，男女一致。
87,哈利·波特与死亡圣器(下),导演: 大卫·叶茨 David Yates,2011,美国 英国,奇幻 冒险,8.9,631142,10年的完美句点。
88,摩登时代,导演: 查理·卓别林 Charles Chaplin,1936,美国,剧情 喜剧 爱情,9.3,233990,大时代中的人生，小人物的悲喜。
89,被嫌弃的松子的一生,导演: 中岛哲也 Tetsuya Nakashima,2006,日本,剧情 歌舞,8.9,596268,以戏谑来戏谑戏谑。
90,喜剧之王,导演: 周星驰 Stephen Chow / 李力持 Lik-Chi Lee,1999,中国香港,喜剧 剧情 爱情,8.8,778540,我是一个演员。
91,致命ID,导演: 詹姆斯·曼高德 James Mangold,2003,美国,剧情 悬疑 惊悚,8.8,649091,最不可能的那个人永远是最可能的。
92,杀人回忆,导演: 奉俊昊 Joon-ho Bong,2003,韩国,剧情 动作 犯罪 悬疑 惊悚,8.9,549622,关于连环杀人悬案的集体回忆。
93,剪刀手爱德华,导演: 蒂姆·波顿 Tim Burton,1990,美国,剧情 奇幻 爱情,8.7,890329,浪漫忧郁的成人童话。
94,加勒比海盗,导演: 戈尔·维宾斯基 Gore Verbinski,2003,美国,动作 冒险 奇幻,8.8,708213,约翰尼·德普的独角戏。
95,勇敢的心,导演: 梅尔·吉布森 Mel Gibson,1995,美国,动作 传记 剧情 历史 战争,8.9,486692,史诗大片的典范。
96,狩猎,导演: 托马斯·温特伯格 Thomas Vinterberg,2012,丹麦 瑞典,剧情,9.1,302255,人言可畏。
97,请以你的名字呼唤我,导演: 卢卡·瓜达尼诺 Luca Guadagnino,2017,意大利 法国 巴西 美国 荷兰 德国,剧情 爱情 同性,8.9,546753,沉醉在电影的情感和视听氛围中无法自拔。
98,红辣椒,导演: 今敏 Satoshi Kon,2006,日本,动画 悬疑 科幻 惊悚,9.0,342928,梦的勾结。
99,断背山,导演: 李安 Ang Lee,2005,美国 加拿大,剧情 爱情 同性 家庭,8.8,593588,每个人心中都有一座断背山。
100,天使爱美丽,导演: 让-皮埃尔·热内 Jean-Pierre Jeunet,2001,法国 德国,剧情 喜剧 爱情,8.7,841758,法式小清新。 
101,7号房的礼物,导演: 李焕庆 Hwan-kyeong Lee,2013,韩国,剧情 喜剧 家庭,8.9,439822,《我是山姆》的《美丽人生》。
102,幽灵公主,导演: 宫崎骏 Hayao Miyazaki,1997,日本,动画 奇幻 冒险,8.9,437760,人与自然的战争史诗。
103,小森林 夏秋篇,导演: 森淳一 Junichi Mori,2014,日本,剧情,9.0,344372,那些静得只能听见呼吸的日子里，你明白孤独即生活。
104,第六感,导演: M·奈特·沙马兰 M. Night Shyamalan,1999,美国,剧情 悬疑 惊悚,8.9,445649,深入内心的恐怖，出人意料的结局。
105,阳光灿烂的日子,导演: 姜文 Wen Jiang,1994,中国大陆 中国香港,剧情 爱情,8.8,504949,一场华丽的意淫。
106,重庆森林,导演: 王家卫 Kar Wai Wong,1994,中国香港,剧情 爱情,8.8,644183,寂寞没有期限。
107,唐伯虎点秋香,导演: 李力持 Lik-Chi Lee,1993,中国香港,喜剧 爱情 古装,8.7,852803,华太师是黄霑，吴镇宇四大才子之一。
108,超脱,导演: 托尼·凯耶 Tony Kaye,2011,美国,剧情,8.9,397405,穷尽一生，我们要学会的，不过是彼此拥抱。
109,功夫,导演: 周星驰 Stephen Chow,2004,中国大陆 中国香港,动作 喜剧 犯罪 奇幻,8.7,825014,警恶惩奸，维护世界和平这个任务就交给你了，好吗？
110,爱在黎明破晓前,导演: 理查德·林克莱特 Richard Linklater,1995,美国 奥地利 瑞士,剧情 爱情,8.8,503782,缘分是个连绵词，最美不过一瞬。
111,小森林 冬春篇,导演: 森淳一 Junichi Mori,2015,日本,剧情,9.0,309143,尊敬他人，尊敬你生活的这片土地，明白孤独是人生的常态。
112,入殓师,导演: 泷田洋二郎 Yôjirô Takita,2008,日本,剧情,8.9,480002,死可能是一道门，逝去并不是终结，而是超越，走向下一程。
113,一一,导演: 杨德昌 Edward Yang,2000,中国台湾 日本,剧情 爱情 家庭,9.1,289338,我们都曾经是一一。
114,蝙蝠侠：黑暗骑士崛起,导演: 克里斯托弗·诺兰 Christopher Nolan,2012,美国 英国,剧情 动作 科幻 犯罪 惊悚,8.8,582857,诺兰就是保证。
115,消失的爱人,导演: 大卫·芬奇 David Fincher,2014,美国,剧情 犯罪 悬疑 惊悚,8.7,731393,年度最佳date movie。
116,人生果实,导演: 伏原健之 Kenshi Fushihara,2017,日本,纪录片,9.5,135140,土壤没有落叶不会肥沃，没有了你就不算人生。
117,菊次郎的夏天,导演: 北野武 Takeshi Kitano,1999,日本,剧情 喜剧,8.8,462225,从没见过那么流氓的温柔，从没见过那么温柔的流氓。
118,无人知晓,导演: 是枝裕和 Hirokazu Koreeda,2004,日本,剧情,9.1,237268,我的平常生活就是他人的幸福。
119,倩女幽魂,导演: 程小东 Siu-Tung Ching,1987,中国香港,爱情 奇幻 武侠 古装,8.7,597311,两张绝世的脸。 
120,超能陆战队,导演: 唐·霍尔 Don Hall / 克里斯·威廉姆斯 Chris Williams,2014,美国,喜剧 动作 科幻 动画 冒险,8.7,816669,Balalala~~~
121,侧耳倾听,导演: 近藤喜文 Yoshifumi Kondo,1995,日本,剧情 爱情 动画,8.9,374576,少女情怀总是诗。
122,哈利·波特与阿兹卡班的囚徒,导演: Alfonso Cuarón,2004,英国 美国,奇幻 冒险,8.8,503068,不一样的导演，不一样的哈利·波特。
123,甜蜜蜜,导演: 陈可辛 Peter Chan,1996,中国香港,剧情 爱情,8.9,422747,相逢只要一瞬间，等待却像是一辈子。
124,借东西的小人阿莉埃蒂,导演: 米林宏昌 Hiromasa Yonebayashi,2010,日本,动画 奇幻 冒险,8.8,443344,曾经的那段美好会沉淀为一辈子的记忆。
125,完美的世界,导演: 克林特·伊斯特伍德 Clint Eastwood,1993,美国,剧情 犯罪,9.1,227459,坏人的好总是比好人的好来得更感人。
126,萤火之森,导演: 大森贵弘 Takahiro Omori,2011,日本,剧情 爱情 动画 奇幻,8.9,416990,触不到的恋人。
127,爱在日落黄昏时,导演: 理查德·林克莱特 Richard Linklater,2004,美国 法国,剧情 爱情,8.8,419451,九年后的重逢是世俗和责任的交叠，没了悸动和青涩，沧桑而温暖。
128,驯龙高手,导演: 迪恩·德布洛斯 Dean DeBlois / 克里斯·桑德斯 Chris Sanders,2010,美国,动画 奇幻 冒险,8.7,621410,和谐的生活离不开摸头与被摸头。
129,玛丽和马克思,导演: 亚当·艾略特 Adam Elliot,2009,澳大利亚,剧情 喜剧 动画,8.9,363952,你是我最好的朋友，你是我唯一的朋友 。
130,幸福终点站,导演: 史蒂文·斯皮尔伯格 Steven Spielberg,2004,美国,喜剧 剧情 爱情,8.8,444159,有时候幸福需要等一等。 
131,告白,导演: 中岛哲也 Tetsuya Nakashima,2010,日本,剧情 悬疑,8.7,579794,没有一人完全善，也没有一人完全恶。
132,大鱼,导演: 蒂姆·波顿 Tim Burton,2003,美国,剧情 家庭 奇幻 冒险,8.8,469042,抱着梦想而活着的人是幸福的，怀抱梦想而死去的人是不朽的。
133,射雕英雄传之东成西就,导演: 刘镇伟 Jeffrey Lau,1993,中国香港,喜剧 奇幻 武侠 古装,8.7,527688,百看不厌。 
134,阳光姐妹淘,导演: 姜炯哲 Hyeong-Cheol Kang,2011,韩国,剧情 喜剧,8.8,504090,再多各自牛逼的时光，也比不上一起傻逼的岁月。 
135,天书奇谭,导演: 王树忱 Shuchen Wang / 钱运达 Yunda Qian,1983(中国大陆),中国大陆,动画 奇幻,9.2,187437,传奇的年代，醉人的童话。
136,恐怖直播,导演: 金秉祐 Byeong-woo Kim,2013,韩国,剧情 犯罪 悬疑,8.7,526549,恐怖分子的“秋菊打官司”。
137,怪兽电力公司,导演: 彼特·道格特 Pete Docter / 大卫·斯沃曼 David Silverman,2001,美国,儿童 喜剧 动画 奇幻 冒险,8.7,532526,不要给它起名字，起了名字就有感情了。
138,哈利·波特与密室,导演: Chris Columbus,2002,美国 英国 德国,奇幻 冒险,8.7,527209,魔法的密室之门已打开...
139,神偷奶爸,导演: 皮艾尔·柯芬 Pierre Coffin / 克里斯·雷纳德 Chris Renaud,2010,美国 法国,喜剧 动画 冒险,8.6,790142,Mr. I Don't Care其实也有Care的时候。
140,时空恋旅人,导演: 理查德·柯蒂斯 Richard Curtis,2013,英国,喜剧 爱情 奇幻,8.8,475262,把每天当作最后一天般珍惜度过，积极拥抱生活，就是幸福。
141,玩具总动员3,导演: 李·昂克里奇 Lee Unkrich,2010,美国,喜剧 动画 奇幻 冒险,8.9,410918,跨度十五年的欢乐与泪水。
142,傲慢与偏见,导演: 乔·怀特 Joe Wright,2005,法国 英国 美国,剧情 爱情,8.7,632701,爱是摈弃傲慢与偏见之后的曙光。
143,教父3,导演: 弗朗西斯·福特·科波拉 Francis Ford Coppola,1990,美国,剧情 犯罪,8.9,285828,任何信念的力量，都无法改变命运。
144,釜山行,导演: 延尚昊 Sang-ho Yeon,2016,韩国,动作 惊悚 灾难,8.6,947853,揭露人性的丧尸题材力作。
145,血战钢锯岭,导演: 梅尔·吉布森 Mel Gibson,2016,澳大利亚 美国,剧情 传记 历史 战争,8.7,650814,优秀的战争片不会美化战场，不会粉饰死亡，不会矮化敌人，不会无视常识，最重要的，不会宣扬战争。
146,哪吒闹海,导演: 严定宪 Dingxian Yan / 王树忱 Shuchen Wang,1979,中国大陆,冒险 动画 奇幻,9.1,204269,想你时你在闹海。
147,一个叫欧维的男人决定去死,导演: 汉内斯·赫尔姆 Hannes Holm,2015,瑞典,剧情,8.9,335522,惠及一生的美丽。
148,被解救的姜戈,导演: 昆汀·塔伦蒂诺 Quentin Tarantino,2012,美国,剧情 动作 西部 冒险,8.8,488846,热血沸腾，那个低俗、性感的无耻混蛋又来了。
149,七武士,导演: 黑泽明 Akira Kurosawa,1954,日本,动作 冒险 剧情,9.3,155289,时代悲歌。
150,喜宴,导演: 李安 Ang Lee,1993,中国台湾 美国,剧情 喜剧 爱情 同性 家庭,8.9,276315,中国家庭的喜怒哀乐忍。
151,电锯惊魂,导演: 詹姆斯·温 James Wan,2004,美国,悬疑 惊悚 恐怖,8.7,419055,真相就在眼前。
152,头号玩家,导演: 史蒂文·斯皮尔伯格 Steven Spielberg,2018,美国,动作 科幻 冒险,8.7,1127942,写给影迷，动漫迷和游戏迷的一封情书。
153,我是山姆,导演: 杰茜·尼尔森 Jessie Nelson,2001,美国,剧情 家庭,9.0,255494,爱并不需要智商 。
154,风之谷,导演: 宫崎骏 Hayao Miyazaki,1984,日本,动画 奇幻 冒险,8.9,304709,动画片的圣经。
155,未麻的部屋,导演: 今敏 Satoshi Kon,1997,日本,动画 奇幻 惊悚,9.0,233902,好的剧本是，就算你猜到了结局也猜不到全部。
156,英雄本色,导演: 吴宇森 John Woo,1986,中国香港,剧情 动作 犯罪,8.7,420579,英雄泪短，兄弟情长。 
157,上帝之城,导演: 费尔南多·梅里尔斯 Fernando Meirelles / 卡迪亚·兰德 Kátia Lund  &nbsp...,2002,巴西 法国,犯罪 剧情,9.0,252871,被上帝抛弃了的上帝之城。
158,疯狂原始人,导演: 科克·德·米科 Kirk De Micco / 克里斯·桑德斯 Chris Sanders,2013,美国,喜剧 动画 冒险,8.7,705587,老少皆宜，这就是好莱坞动画的魅力。
159,谍影重重3,导演: 保罗·格林格拉斯 Paul Greengrass,2007,美国 德国,动作 悬疑 惊悚,8.8,347651,像吃了苏打饼一样干脆的电影。
160,卢旺达饭店,导演: 特瑞·乔治 Terry George,2004,英国 南非 意大利,剧情 传记 历史 战争,8.9,252253,当这个世界闭上双眼，他却敞开了怀抱。
161,三块广告牌,导演: 马丁·麦克唐纳 Martin McDonagh,2017,美国 英国,剧情 犯罪,8.7,676371,怼天怼地，你走后，她与世界为敌。
162,纵横四海,导演: 吴宇森 John Woo,1991,中国香港,剧情 喜剧 动作 犯罪,8.8,334911,香港浪漫主义警匪动作片的巅峰之作。
163,花样年华,导演: 王家卫 Kar Wai Wong,2000,中国香港,剧情 爱情,8.7,469443,偷情本没有这样美。
164,新世界,导演: 朴勋政 Hoon-jung Park,2013,韩国,剧情 犯罪,8.9,293773,要做就做得狠一点，这样才能活下去。
165,模仿游戏,导演: 莫滕·泰杜姆 Morten Tyldum,2014,英国 美国,剧情 传记 战争 同性,8.7,498097,他给机器起名“克里斯托弗”，因为这是他初恋的名字。
166,达拉斯买家俱乐部,导演: 让-马克·瓦雷 Jean-Marc Vallée,2013,美国,剧情 传记 同性,8.8,365560,Jared Leto的腿比女人还美！
167,岁月神偷,导演: 罗启锐 Alex Law,2010,中国香港 中国大陆,剧情 家庭,8.7,498586,岁月流逝，来日可追。
168,黑客帝国3：矩阵革命,导演: Andy Wachowski / Larry Wachowski,2003,美国 澳大利亚,动作 科幻,8.8,348527,不得不说，《黑客帝国》系列是商业片与科幻、哲学完美结合的典范。
169,心迷宫,导演: 忻钰坤 Yukun Xin,2014,中国大陆,剧情 犯罪 悬疑,8.7,403406,荒诞讽刺，千奇百巧，抽丝剥茧，百转千回。
170,头脑特工队,导演: 彼特·道格特 Pete Docter / 罗纳尔多·德尔·卡门 Ronaldo Del Carmen  &nb...,2015,美国,喜剧 动画 冒险,8.7,482339,愿我们都不用长大，每一座城堡都能永远存在。
171,记忆碎片,导演: 克里斯托弗·诺兰 Christopher Nolan,2000,美国,犯罪 剧情 悬疑 惊悚,8.7,502688,一个针管引发的血案。
172,你的名字。,导演: 新海诚 Makoto Shinkai,2016,日本,剧情 爱情 动画,8.4,1121574,穿越错位的时空，仰望陨落的星辰，你没留下你的名字，我却无法忘记那句“我爱你”。
173,忠犬八公物语,导演: Seijirô Kôyama,1987,日本,剧情,9.2,154888,养狗三日，便会对你终其一生。
174,荒蛮故事,导演: 达米安·斯兹弗隆 Damián Szifron,2014,阿根廷 西班牙,剧情 喜剧 犯罪,8.8,348717,始于荒诞，止于更荒诞。
175,真爱至上,导演: 理查德·柯蒂斯 Richard Curtis,2003,英国 美国 法国,喜剧 剧情 爱情,8.6,595131,爱，是个动词。
176,海街日记,导演: 是枝裕和 Hirokazu Koreeda,2015,日本,剧情 家庭,8.8,340091,是枝裕和的家庭习作。
177,爆裂鼓手,导演: 达米恩·查泽雷 Damien Chazelle,2014,美国,剧情 音乐,8.7,458799,这个世界从不善待努力的人，努力了也不一定会成功，但是知道自己在努力，就是活下去的动力。
178,贫民窟的百万富翁,导演: 丹尼·鲍尔 Danny Boyle / 洛芙琳·坦丹 Loveleen Tandan,2008,英国,剧情 爱情,8.6,623625,上帝之城+猜火车+阿甘正传+开心辞典=山寨富翁
179,东邪西毒,导演: 王家卫 Kar Wai Wong,1994,中国香港 中国台湾,剧情 动作 爱情 武侠 古装,8.6,483362,电影诗。
180,萤火虫之墓,导演: 高畑勋 Isao Takahata,1988,日本,动画 剧情 战争,8.7,349553,幸福是生生不息，却难以触及的远。 
181,寄生虫,导演: 奉俊昊 Joon-ho Bong,2019,韩国,剧情 喜剧,8.8,1111755,
182,惊魂记,导演: 阿尔弗雷德·希区柯克 Alfred Hitchcock,1960,美国,悬疑 惊悚 恐怖,9.0,205087,故事的反转与反转，分裂电影的始祖。
183,黑天鹅,导演: 达伦·阿罗诺夫斯基 Darren Aronofsky,2010,美国,剧情 惊悚,8.6,683019,黑暗之美。
184,哈利·波特与火焰杯,导演: 迈克·内威尔 Mike Newell,2005,英国 美国,悬疑 奇幻 冒险,8.6,454806,
185,无敌破坏王,导演: 瑞奇·莫尔 Rich Moore,2012,美国,喜剧 动画 奇幻 冒险,8.7,432615,迪士尼和皮克斯拿错剧本的产物。
186,你看起来好像很好吃,导演: 藤森雅也 Masaya Fujimori,2010,日本,剧情 动画 儿童,8.9,276172,感情不分食草或者食肉。
187,小偷家族,导演: 是枝裕和 Hirokazu Koreeda,2018,日本,剧情 犯罪 家庭,8.7,675691,我们组成了家。
188,绿里奇迹,导演: Frank Darabont,1999,美国,犯罪 剧情 奇幻 悬疑,8.9,244668,天使暂时离开。
189,冰川时代,导演: 卡洛斯·沙尔丹哈 Carlos Saldanha / 克里斯·韦奇 Chris Wedge,2002,美国,喜剧 动画 冒险,8.6,510169,松鼠才是角儿。
190,爱在午夜降临前,导演: 理查德·林克莱特 Richard Linklater,2013,美国 希腊,剧情 爱情,8.8,285155,所谓爱情，就是话唠一路，都不会心生腻烦，彼此嫌弃。
191,雨人,导演: 巴瑞·莱文森 Barry Levinson,1988,美国,剧情,8.7,339065,生活在自己的世界里，也可以让周围的人显得可笑和渺小。
192,恋恋笔记本,导演: 尼克·卡索维茨 Nick Cassavetes,2004,美国,剧情 爱情,8.5,536054,爱情没有那么多借口，如果不能圆满，只能说明爱的不够。 
193,疯狂的石头,导演: 宁浩 Hao Ning,2006,中国大陆 中国香港,喜剧 犯罪,8.5,655959,中国版《两杆大烟枪》。
194,九品芝麻官,导演: 王晶 Jing Wong,1994,中国香港 中国大陆,剧情 喜剧 古装,8.6,490033,
195,恐怖游轮,导演: 克里斯托弗·史密斯 Christopher Smith,2009,英国 澳大利亚,剧情 悬疑 惊悚,8.5,647209,不要企图在重复中寻找已经失去的爱。
196,奇迹男孩,导演: 斯蒂芬·卓博斯基 Stephen Chbosky,2017,美国 中国香港,剧情 儿童 家庭,8.6,468013,世界不完美，爱会有奇迹。
197,雨中曲,导演: 斯坦利·多南 Stanley Donen / 吉恩·凯利 Gene Kelly,1952,美国,喜剧 歌舞 爱情,9.0,168715,骨灰级歌舞片。
198,魔女宅急便,导演: 宫崎骏 Hayao Miyazaki,1989,日本,动画 奇幻 冒险,8.7,374815,宫崎骏的电影总让人感觉世界是美好的，阳光明媚的。
199,二十二,导演: 郭柯 Ke Guo,2015,中国大陆,纪录片,8.7,239738,有一些东西不应该被遗忘。
200,虎口脱险,导演: 杰拉尔·乌里 Gérard Oury,1966,法国 英国,喜剧 战争,8.9,195646,永远看不腻的喜剧。
201,海边的曼彻斯特,导演: 肯尼斯·罗纳根 Kenneth Lonergan,2016,美国,剧情 家庭,8.6,394559,我们都有权利不与自己的过去和解。
202,人工智能,导演: 史蒂文·斯皮尔伯格 Steven Spielberg,2001,美国 英国,剧情 科幻,8.7,358747,对爱的执着，可以超越一切。
203,2001太空漫游,导演: 斯坦利·库布里克 Stanley Kubrick,1968,英国 美国,科幻 惊悚 冒险,8.8,239133,现代科幻电影的开山之作，最伟大导演的最伟大影片。
204,色，戒,导演: 李安 Ang Lee,2007,中国台湾 中国大陆 美国 中国香港,剧情 爱情 情色,8.5,570506,假戏真情，爱欲深海
205,房间,导演: 伦尼·阿伯拉罕森 Lenny Abrahamson,2015,爱尔兰 加拿大 英国 美国,剧情 家庭,8.8,319257,被偷走的岁月，被伤害的生命，被禁锢的灵魂，终将被希望和善意救赎。
206,城市之光,导演: Charles Chaplin,1931,美国,喜剧 剧情 爱情,9.3,109014,永远的小人物，伟大的卓别林。
207,可可西里,导演: 陆川 Chuan Lu,2004,中国大陆 中国香港,剧情 犯罪,8.8,241313,坚硬的信仰。
208,罗生门,导演: 黑泽明 Akira Kurosawa,1950,日本,剧情 犯罪 悬疑,8.8,249522,人生的N种可能性。
209,终结者2：审判日,导演: 詹姆斯·卡梅隆 James Cameron,1991,美国 法国,动作 科幻,8.7,284604,少见的超越首部的续集，动作片中的经典。
210,初恋这件小事,导演: 普特鹏·普罗萨卡·那·萨克那卡林 Puttipong Promsaka Na Sakolnakorn / 华森·波克彭...,2010,泰国,剧情 喜剧 爱情,8.4,837851,黑小鸭速效美白记。
211,大佛普拉斯,导演: 黄信尧 Hsin-yao Huang,2017,中国台湾,剧情 喜剧,8.7,334934,人们可以登上月球，却永远无法探索人们内心的宇宙。
212,波西米亚狂想曲,导演: 布莱恩·辛格 Bryan Singer,2018,英国 美国,剧情 传记 同性 音乐,8.7,471543,
213,遗愿清单,导演: 罗伯·莱纳 Rob Reiner,2007,美国,冒险 喜剧 剧情,8.7,325432,用剩余不多的时间，去燃烧整个生命。
214,魂断蓝桥,导演: 茂文·勒鲁瓦 Mervyn LeRoy,1940,美国,剧情 爱情 战争,8.8,226624,中国式内在的美国电影。
215,牯岭街少年杀人事件,导演: 杨德昌 Edward Yang,1991,中国台湾,剧情 犯罪,8.9,211860,弱者送给弱者的一刀。
216,源代码,导演: 邓肯·琼斯 Duncan Jones,2011,美国 加拿大,科幻 悬疑 惊悚,8.5,675002,邓肯·琼斯继《月球》之后再度奉献出一部精彩绝伦的科幻佳作。
217,新龙门客栈,导演: 李惠民 Raymond Lee,1992,中国香港 中国大陆,动作 爱情 武侠 古装,8.6,359915,嬉笑怒骂，调风动月。
218,青蛇,导演: 徐克 Hark Tsui,1993,中国香港 中国大陆,剧情 爱情 奇幻 古装,8.6,417667,人生如此，浮生如斯。谁人言，花彼岸，此生情长意短。谁都是不懂爱的罢了。
219,疯狂的麦克斯4：狂暴之路,导演: 乔治·米勒 George Miller,2015,澳大利亚 南非 美国,动作 科幻 冒险,8.6,423943,“多么美好的一天！”轰轰轰砰咚，啪哒哒哒轰隆隆，磅~
220,无耻混蛋,导演: Quentin Tarantino,2009,德国 美国,剧情 犯罪,8.6,388525,昆汀同学越来越变态了，比北野武还杜琪峰。
221,血钻,导演: 爱德华·兹威克 Edward Zwick,2006,美国 德国 英国,剧情 惊悚 冒险,8.7,298111,每个美丽事物背后都是滴血的现实。
222,燃情岁月,导演: 爱德华·兹威克 Edward Zwick,1994,美国,剧情 爱情 战争 西部,8.8,238782,传奇，不是每个人都可以拥有。
223,步履不停,导演: 是枝裕和 Hirokazu Koreeda,2008,日本,剧情 家庭,8.8,217124,日本的家庭电影已经是世界巅峰了，步履不停是巅峰中的佳作。
224,海洋,导演: 雅克·贝汉 Jacques Perrin / 雅克·克鲁奥德 Jacques Cluzaud,2009,法国 瑞士 西班牙 美国 阿联酋 摩纳哥,纪录片,9.1,139221,大海啊，不全是水。
225,穿越时空的少女,导演: 细田守 Mamoru Hosoda,2006,日本,剧情 爱情 科幻 动画,8.6,323520,爱上未来的你。 
226,谍影重重2,导演: 保罗·格林格拉斯 Paul Greengrass,2004,美国 德国,动作 悬疑 惊悚,8.7,291555,谁说王家卫镜头很晃？
227,彗星来的那一夜,导演: 詹姆斯·沃德·布柯特 James Ward Byrkit,2013,美国 英国,科幻 悬疑 惊悚,8.5,425395,小成本大魅力。
228,东京教父,导演: 今敏 Satoshi Kon,2003,日本,剧情 喜剧 动画,9.0,145917,
229,阿飞正传,导演: 王家卫 Kar Wai Wong,1990,中国香港,犯罪 剧情 爱情,8.5,406822,王家卫是一种风格，张国荣是一个代表。
230,战争之王,导演: 安德鲁·尼科尔 Andrew Niccol,2005,美国 法国,剧情 犯罪,8.7,288953,做一颗让别人需要你的棋子。
231,地球上的星星,导演: 阿米尔·汗 Aamir Khan,2007,印度,剧情 儿童 家庭,8.9,171265,天使保护事件始末。
232,完美陌生人,导演: 保罗·格诺维瑟 Paolo Genovese,2016,意大利,剧情 喜剧,8.5,446644,来啊，互相伤害啊！
233,无间道2,导演: 刘伟强 / 麦兆辉,2003,中国香港,剧情 犯罪 惊悚,8.6,339082,
234,谍影重重,导演: 道格·里曼 Doug Liman,2002,美国 德国 捷克,动作 悬疑 惊悚,8.6,348406,哗啦啦啦啦，天在下雨，哗啦啦啦啦，云在哭泣……找自己。
235,香水,导演: 汤姆·提克威 Tom Tykwer,2006,德国 法国 西班牙 美国,剧情 犯罪 奇幻,8.5,461125,一个单凭体香达到高潮的男人。
236,千钧一发,导演: 安德鲁·尼科尔 Andrew Niccol,1997,美国,剧情 科幻 惊悚,8.8,213330,一部能引人思考的科幻励志片。
237,东京物语,导演: 小津安二郎 Yasujirô Ozu,1953,日本,剧情 家庭,9.2,107540,东京那么大，如果有一天走失了，恐怕一辈子不能再相见。
238,黑客帝国2：重装上阵,导演: Andy Wachowski / Larry Wachowski,2003,美国 澳大利亚,动作 科幻,8.6,308125,一个精彩的世界观正在缓缓建立。
239,崖上的波妞,导演: 宫崎骏 Hayao Miyazaki,2008,日本,动画 奇幻 冒险,8.5,377677,
240,驴得水,导演: 周申 Shen Zhou / 刘露 Lu Liu,2016,中国大陆,剧情 喜剧,8.3,756528,过去的如果就让它过去了，未来只会越来越糟！
241,再次出发之纽约遇见你,导演: 约翰·卡尼 John Carney,2013,美国,喜剧 爱情 音乐,8.6,346921,爱我就给我看你的播放列表。
242,朗读者,导演: 史蒂芬·戴德利 Stephen Daldry,2008,美国 德国,剧情 爱情,8.6,394801,当爱情跨越年龄的界限，它似乎能变得更久远一点，成为一种责任，一种水到渠成的相濡以沫。 
243,我爱你,导演: 秋昌民 Chang-min Choo,2011,韩国,剧情 爱情,9.1,132218,你要相信，这世上真的有爱存在，不管在什么年纪 
244,猜火车,导演: 丹尼·博伊尔 Danny Boyle,1996,英国,剧情 犯罪,8.5,361298,不可猜的青春迷笛。 
245,聚焦,导演: 托马斯·麦卡锡 Thomas McCarthy,2015,美国,剧情 传记,8.8,232453,新闻人的理性求真。
246,浪潮,导演: 丹尼斯·甘塞尔 Dennis Gansel,2008,德国,剧情 惊悚,8.7,225320,世界离独裁只有五天。
247,小萝莉的猴神大叔,导演: 卡比尔·汗 Kabir Khan,2015,印度,剧情 喜剧 动作,8.4,407780,宝莱坞的萝莉与大叔。
248,追随,导演: 克里斯托弗·诺兰 Christopher Nolan,1998,英国,犯罪 悬疑 惊悚,8.9,150573,诺兰的牛逼来源于内心散发出的恐惧。
249,网络谜踪,导演: 阿尼什·查甘蒂 Aneesh Chaganty,2018,美国 俄罗斯,剧情 犯罪 悬疑 惊悚,8.6,433865,
250,黑鹰坠落,导演: 雷德利·斯科特 Ridley Scott,2001,美国 英国,动作 历史 战争,8.7,241288,还原真实而残酷的战争。
